<?xml version="1.0" encoding="UTF-8" ?>
<!DOCTYPE mapper
	PUBLIC "-//mybatis.org//DTD Mapper 3.0//EN"
	"http://mybatis.org/dtd/mybatis-3-mapper.dtd">
<mapper namespace="com.it.mapper.BoardMapper">
	<select id="getList" resultType="com.it.domain.BoardVO">
		select * from tblboard order by b_num desc
	</select>
	<insert id="insert">
		insert into tblboard (b_subject, b_name, b_contents) 
		values (#{b_subject}, #{b_name}, #{b_contents})
	</insert>
	<select id="read" resultType="com.it.domain.BoardVO">
		select * from tblboard where b_num = #{b_num}
	</select>
	<update id="update">
		update tblboard set b_subject = #{b_subject}, 
		b_name = #{b_name}, b_contents = #{b_contents} where b_num = #{b_num}
	</update>
	<delete id="delete">
		delete from tblboard where b_num = #{b_num} 
	</delete>
</mapper>