<?xml version="1.0" encoding="UTF-8" ?>
<!DOCTYPE mapper
	PUBLIC "-//mybatis.org//DTD Mapper 3.0//EN"
	"http://mybatis.org/dtd/mybatis-3-mapper.dtd">
	
<mapper namespace="com.it.mapper.OrderMapper">
	<select id="getListMain" resultType="com.it.domain.OrdermainVO">
		select * from tblordermain order by om_code desc
	</select>
	<insert id="insertMain">
		insert into tblordermain (m_id) values (#{m_id})
	</insert>
	<select id="readMain" resultType="com.it.domain.OrdermainVO">
		select * from tblordermain where om_code = #{om_code} order by om_code desc limit 0, 1
	</select>
	<select id="readMainid" resultType="com.it.domain.OrdermainVO">
		select * from tblordermain where m_id = #{m_id} order by om_code desc limit 0, 1
	</select>
	<delete id="deleteMain">
		delete from tblordermain where om_code = #{om_code} 
	</delete>
	
	<select id="getListSub" resultType="com.it.domain.OrdersubVO">
		select * from tblordersub order by os_code desc
	</select>
	<select id="getListCart" resultType="com.it.domain.OrdersubVO">
		select * from tblordersub where om_code = #{om_code}
	</select>
	<select id="getListCartDetail" resultType="com.it.domain.CartdetailDTO">
		select cs.cs_code, p.p_code, p.p_name, p.p_price, cs.cs_cnt, p.p_price*cs.cs_cnt cs_money    
		from tblproduct p, tblcartsub cs 
		where p.p_code =  cs.p_code  
		and cs.cm_code = #{cm_code}
	</select>
	<select id="getCartTotal" resultType="com.it.domain.CartmemberDTO">
		select sum(p.p_price * cs.cs_cnt) cm_total  
		from tblproduct p, tblcartsub cs 
		where p.p_code = cs.p_code 
		and cs.cm_code = #{cm_code}
	</select>
	<insert id="insertSub">
		insert into tblordersub (om_code, p_code, os_cnt) 
		values (#{om_code}, #{p_code}, #{os_cnt})
	</insert>
	<select id="readSub" resultType="com.it.domain.CartsubVO">
		select * from tblordersub where os_code = #{os_code}
	</select>
	<select id="readSubProduct" resultType="com.it.domain.CartsubVO">
		select * from tblordersub where p_code = #{p_code} and om_code = #{om_code}
	</select>
 	<update id="updateSub">
		update tblcartsub set cs_cnt = #{cs_cnt} where cs_code = #{cs_code}
	</update>
	<delete id="deleteSub">
		delete from tblcartsub where cs_code = #{cs_code} 
	</delete>
	<delete id="deletesuball">
		delete from tblcartsub where cm_code = #{cm_code} 
	</delete>
</mapper>